result_id,candidate_id,job_id,resume_filename,ats_score,skills_score,keyword_score,experience_score,education_score,relevance_score,matched_skills,missing_skills,suggestions,analysis_date
20260923125801100739,,1,Malvika_Thakur_Resume_1.pdf,60,12,8,20,10,10,python|sql,flask|rest|api|git,"Add relevant technical keywords where they accurately reflect your experience.|Mention REST API experience if it is part of your projects.|Keep project descriptions specific, concise, and easy to scan.",2026-09-23
20260923140756281155,,1,Malvika_Resume.pdf,90,29,21,20,10,10,python|sql|rest|api|git,flask,"Add relevant technical keywords where they accurately reflect your experience.|Keep project descriptions specific, concise, and easy to scan.",2026-09-23
20260923142701900592,candidate@virtualhr.local,1,pasted-resume-text.txt,91,35,25,14,10,7,python|flask|sql|rest|api|git,,"Quantify your achievements using measurable metrics (e.g. 'Improved query performance by 35%', 'Scaled service to 10k users').|Add a dedicated Projects section highlighting technologies used, architecture, and live repository links.|Expand on your work responsibilities and bullet points (recommended 250-600 words for an ATS resume).",2026-09-23
20260923142727518944,candidate@virtualhr.local,1,pasted-resume-text.txt,91,35,25,14,10,7,python|flask|sql|rest|api|git,,"Quantify your achievements using measurable metrics (e.g. 'Improved query performance by 35%', 'Scaled service to 10k users').|Add a dedicated Projects section highlighting technologies used, architecture, and live repository links.|Expand on your work responsibilities and bullet points (recommended 250-600 words for an ATS resume).",2026-09-23
20260923142947146961,hr.manager@virtualhr.local,1,Malvika_Resume.pdf,76,29,21,10,10,6,python|sql|rest|api|git,flask,"Add required technical skills: 'flask' if you have practical experience with them.|Include a concise Professional Summary at the top to give recruiters an instant executive pitch.|Add a dedicated Projects section highlighting technologies used, architecture, and live repository links.",2026-09-23
20260923143215043637,malvikathkaur2712@gmail.com,1,pasted-resume-text.txt,78,29,18,14,10,7,python|flask|sql|rest|git,api,"Add required technical skills: 'api' if you have practical experience with them.|Quantify your achievements using measurable metrics (e.g. 'Improved query performance by 35%', 'Scaled service to 10k users').|Add a dedicated Projects section highlighting technologies used, architecture, and live repository links.|Expand on your work responsibilities and bullet points (recommended 250-600 words for an ATS resume).",2026-09-23
20260923145614800112,malvikathkaur2712@gmail.com,1,Malvika_Resume.pdf,76,29,21,10,10,6,python|sql|rest|api|git,flask,"Add required technical skills: 'flask' if you have practical experience with them.|Include a concise Professional Summary at the top to give recruiters an instant executive pitch.|Add a dedicated Projects section highlighting technologies used, architecture, and live repository links.",2026-09-23
20260928125034047243,malvikathakur2712@gmail.com,1,Malvika_Thakur_Resume_1.pdf,49,12,7,10,10,10,python|sql,flask|rest|api|git,"Add required technical skills: 'flask', 'rest', 'api', 'git' if you have practical experience with them.|Use standard bullet points with strong action verbs (Architected, Engineered, Optimized, Delivered).",2026-09-28
20260928125051364213,malvikathakur2712@gmail.com,1,Malvika_Thakur_Resume_1.pdf,49,12,7,10,10,10,python|sql,flask|rest|api|git,"Add required technical skills: 'flask', 'rest', 'api', 'git' if you have practical experience with them.|Use standard bullet points with strong action verbs (Architected, Engineered, Optimized, Delivered).",2026-09-28
20260928125110386520,malvikathakur2712@gmail.com,1,Malvika_Resume.pdf,76,29,21,10,10,6,python|sql|rest|api|git,flask,"Add required technical skills: 'flask' if you have practical experience with them.|Include a concise Professional Summary at the top to give recruiters an instant executive pitch.|Add a dedicated Projects section highlighting technologies used, architecture, and live repository links.",2026-09-28
