result_id,candidate_id,job_role,question_id,category,answer,score,feedback,date
20260923130147694521-0,malvikathakur2712@gmail.com,Python Developer,1,Python,python decorators is used as  a unique function where we can directly call the function,45,"Define the idea clearly, then explain how it works with a practical example.",2026-09-23
20260923130147694756-1,malvikathakur2712@gmail.com,Python Developer,2,OOP,inhertance means the function is inherited from the parent function means it has the properties of the superior parent function and,20,"Define the idea clearly, then explain how it works with a practical example.",2026-09-23
20260923130147694822-2,malvikathakur2712@gmail.com,Python Developer,3,Flask,It is used to generate a predefied structure,7,"Define the idea clearly, then explain how it works with a practical example.",2026-09-23
20260923130147694873-3,malvikathakur2712@gmail.com,Python Developer,4,SQL,we can find the duplicate records in sql using where clause,19,"Define the idea clearly, then explain how it works with a practical example.",2026-09-23
20260923130147694935-4,malvikathakur2712@gmail.com,Python Developer,20,HR,i can handle it very effectively,7,"Define the idea clearly, then explain how it works with a practical example.",2026-09-23
20260923132133648903-0,malvikathakur2712@gmail.com,Python Developer,1,Python Core,Decorators wrap a function to extend functionality dynamically without modifying original source code.,32,Response lacked core technical depth and expected keywords. Define the concept clearly and explain its practical execution.,2026-09-23
20260923134546592921-0,candidate@virtualhr.local,Python Developer,13,API Design,,0,No answer was provided for this question.,2026-09-23
20260923134546607761-1,candidate@virtualhr.local,Python Developer,4,SQL,,0,No answer was provided for this question.,2026-09-23
20260923134546608121-2,candidate@virtualhr.local,Python Developer,5,Memory & Internals,,0,No answer was provided for this question.,2026-09-23
20260923134546608186-3,candidate@virtualhr.local,Python Developer,8,Async,,0,No answer was provided for this question.,2026-09-23
20260923134546608219-4,candidate@virtualhr.local,Python Developer,96,Ownership & Failure,,0,No answer was provided for this question.,2026-09-23
20260923134721988853-0,candidate@virtualhr.local,Python Developer,13,API Design,you can design a secure coupon best authentication and rate limiting system for a class application by combining stateless station with a radius vacant fixed window and open count of,31,Response lacked core technical depth and expected keywords. Define the concept clearly and explain its practical execution.,2026-09-23
20260923134722063801-1,candidate@virtualhr.local,Python Developer,4,SQL,,0,No answer was provided for this question.,2026-09-23
20260923134722063898-2,candidate@virtualhr.local,Python Developer,5,Memory & Internals,,0,No answer was provided for this question.,2026-09-23
20260923134722063930-3,candidate@virtualhr.local,Python Developer,8,Async,,0,No answer was provided for this question.,2026-09-23
20260923134722063959-4,candidate@virtualhr.local,Python Developer,96,Ownership & Failure,,0,No answer was provided for this question.,2026-09-23
20260928125431412600-0,malvikathakur2712@gmail.com,Python Developer,2,OOP,Inheritance means when we. Call the function from the parent node to the child node.,26,Response lacked core technical depth and expected keywords. Define the concept clearly and explain its practical execution.,2026-09-28
20260928125431413319-1,malvikathakur2712@gmail.com,Python Developer,15,Optimization,,0,No answer was provided for this question.,2026-09-28
20260928125431413369-2,malvikathakur2712@gmail.com,Python Developer,12,Data Structures,,0,No answer was provided for this question.,2026-09-28
20260928125431413409-3,malvikathakur2712@gmail.com,Python Developer,101,Design Patterns,,0,No answer was provided for this question.,2026-09-28
20260928125431413633-4,malvikathakur2712@gmail.com,Python Developer,100,Career Vision,,0,No answer was provided for this question.,2026-09-28
20260928130211679594-0,hr.manager@virtualhr.local,Python Developer,2,OOP,inheritance means when we make a function and from that we dervie the child function it has the properties of the parent function and we can make this scalable,31,Response lacked core technical depth and expected keywords. Define the concept clearly and explain its practical execution.,2026-09-28
20260928130211679792-1,hr.manager@virtualhr.local,Python Developer,15,Optimization,,0,No answer was provided for this question.,2026-09-28
20260928130211679822-2,hr.manager@virtualhr.local,Python Developer,12,Data Structures,,0,No answer was provided for this question.,2026-09-28
20260928130211679845-3,hr.manager@virtualhr.local,Python Developer,101,Design Patterns,,0,No answer was provided for this question.,2026-09-28
20260928130211679868-4,hr.manager@virtualhr.local,Python Developer,100,Career Vision,,0,No answer was provided for this question.,2026-09-28
20260928130655642397-0,hr.manager@virtualhr.local,Python Developer,2,OOP,hgiudhousa,10,Response lacked core technical depth and expected keywords. Define the concept clearly and explain its practical execution.,2026-09-28
20260928130655643965-1,hr.manager@virtualhr.local,Python Developer,15,Optimization,,0,No answer was provided for this question.,2026-09-28
20260928130655644024-2,hr.manager@virtualhr.local,Python Developer,12,Data Structures,,0,No answer was provided for this question.,2026-09-28
20260928130655644047-3,hr.manager@virtualhr.local,Python Developer,101,Design Patterns,,0,No answer was provided for this question.,2026-09-28
20260928130655644068-4,hr.manager@virtualhr.local,Python Developer,100,Career Vision,,0,No answer was provided for this question.,2026-09-28
20260928131047024869-0,malvikathakur2712@gmail.com,Python Developer,2,OOP,inheritanche i s a important concept in python,10,Response lacked core technical depth and expected keywords. Define the concept clearly and explain its practical execution.,2026-09-28
20260928131047029534-1,malvikathakur2712@gmail.com,Python Developer,15,Optimization,,0,No answer was provided for this question.,2026-09-28
20260928131047029565-2,malvikathakur2712@gmail.com,Python Developer,3,Flask,,0,No answer was provided for this question.,2026-09-28
20260928131047029589-3,malvikathakur2712@gmail.com,Python Developer,7,Python Core,,0,No answer was provided for this question.,2026-09-28
20260928131047029613-4,malvikathakur2712@gmail.com,Python Developer,99,Collaboration,,0,No answer was provided for this question.,2026-09-28
20260928133120419447-0,hr.manager@virtualhr.local,Python Developer,2,OOP,,0,No answer was provided for this question.,2026-09-28
20260928133120420970-1,hr.manager@virtualhr.local,Python Developer,15,Optimization,,0,No answer was provided for this question.,2026-09-28
20260928133120421002-2,hr.manager@virtualhr.local,Python Developer,3,Flask,,0,No answer was provided for this question.,2026-09-28
20260928133120421025-3,hr.manager@virtualhr.local,Python Developer,7,Python Core,,0,No answer was provided for this question.,2026-09-28
20260928133120421046-4,hr.manager@virtualhr.local,Python Developer,99,Collaboration,,0,No answer was provided for this question.,2026-09-28
20260928133315737876-0,hr.manager@virtualhr.local,Python Developer,2,OOP,,0,No answer was provided for this question.,2026-09-28
20260928133315738818-1,hr.manager@virtualhr.local,Python Developer,15,Optimization,,0,No answer was provided for this question.,2026-09-28
20260928133315738968-2,hr.manager@virtualhr.local,Python Developer,3,Flask,,0,No answer was provided for this question.,2026-09-28
20260928133315739040-3,hr.manager@virtualhr.local,Python Developer,7,Python Core,,0,No answer was provided for this question.,2026-09-28
20260928133315739107-4,hr.manager@virtualhr.local,Python Developer,99,Collaboration,,0,No answer was provided for this question.,2026-09-28
