id,job_role,category,difficulty,question,expected_keywords,expected_concepts,weight
1,Python Developer,Python Core,Easy,"What are Python decorators, and how do they work behind the scenes?",decorator|function|wrapper|callable|syntax|closure,higher order function|syntactic sugar|wrapper function|closure|metadata,8
2,Python Developer,OOP,Medium,"Explain inheritance, polymorphism, and Method Resolution Order (MRO) in Python.",inheritance|polymorphism|class|subclass|override|mro|super,base class|derived class|method overriding|c3 linearization|object oriented,8
3,Python Developer,Flask,Medium,How would you structure a scalable Flask REST API application using blueprints?,flask|route|blueprint|api|application factory|request|response,modular structure|restful endpoints|error handling|database session|cors,10
4,Python Developer,SQL,Medium,How do you identify and eliminate duplicate records in SQL?,select|group by|having|count|delete|row_number|partition by,aggregate filter|window function|partition by|unique constraint|deduplication,7
5,Python Developer,Memory & Internals,Hard,Explain Python's Global Interpreter Lock (GIL) and its implications for multi-threaded CPU-bound programs.,gil|global interpreter lock|thread|multiprocessing|cpu bound|cpython,concurrency vs parallelism|io bound|thread safety|reference counting|bytecode,10
6,Python Developer,Python Core,Medium,"What is the difference between an iterator and a generator in Python, and why is yield memory-efficient?",generator|iterator|yield|next|memory|lazy|iter,lazy evaluation|memory efficiency|state preservation|stream processing,8
7,Python Developer,Python Core,Easy,Explain the difference between mutable and immutable types in Python with examples.,mutable|immutable|list|tuple|dict|set|id|memory,pass by assignment|in place modification|hashability|object identity,6
8,Python Developer,Async,Hard,"How does asyncio work in Python, and when should you choose coroutines over threading or multiprocessing?",async|await|event loop|asyncio|coroutine|non-blocking|task,cooperative multitasking|io bound tasks|futures|asynchronous io,10
9,Python Developer,Testing,Medium,How do you write unit tests in pytest and use fixtures and mocks to isolate dependencies?,pytest|mock|fixture|assert|unit test|patch|monkeypatch,test isolation|test fixtures|dependency injection|assertions|side effects,7
10,Python Developer,Python Core,Medium,"How do Python context managers work, and how do you implement one using __enter__ and __exit__?",with|context manager|enter|exit|resource|cleanup|exception,resource management|automatic cleanup|exception handling|contextlib,8
11,Python Developer,Database,Medium,"What is an ORM, and what are the trade-offs of using SQLAlchemy in a production Python service?",orm|sqlalchemy|model|query|database|session|n+1,data abstraction|query optimization|performance overhead|schema migration,8
12,Python Developer,Data Structures,Easy,"Compare lists, tuples, dictionaries, and sets in terms of lookup performance and mutability.",list|tuple|set|dict|mutable|immutable|hash|lookup,hash table lookup o(1)|ordered collection|key value mapping|uniqueness,6
13,Python Developer,API Design,Hard,How would you design a token-based authentication and rate-limiting system for a Flask application?,jwt|token|rate limit|redis|auth|header|middleware|sliding window,stateless authentication|token expiration|token bucket|distributed counter,10
14,Python Developer,Python Core,Hard,"What are Python metaclasses, and what is a practical real-world scenario where you would define one?",metaclass|type|class|dunder|validation|attribute,class creation interception|framework design|orm registry|schema validation,9
15,Python Developer,Optimization,Hard,"How do you profile, identify bottlenecks, and optimize execution speed in a high-throughput Python service?",profile|cprofile|timeit|bottleneck|benchmark|memory|vectorize,profiling flamegraph|algorithmic complexity|caching|io optimization,9
16,Full Stack Engineer,JavaScript,Medium,"Explain the JavaScript event loop, microtask queue, macrotask queue, and how Promises execute.",event loop|call stack|callback queue|promise|microtask|macrotask,single threaded concurrency|non-blocking io|job queue|settimeout resolution,10
17,Full Stack Engineer,Frontend,Easy,"What is the difference between CSS Flexbox and CSS Grid, and how do you decide which layout to use?",flexbox|grid|layout|one dimensional|two dimensional|css|responsive,axis alignment|complex grid templates|subgrid|responsive design,6
18,Full Stack Engineer,Architecture,Medium,How do you design a clean architecture for syncing client-side UI state with a backend REST or GraphQL API?,fetch|http|json|graphql|cache|state|rest|optimistic,optimistic updates|loading states|retry policy|error boundaries|cache invalidation,9
19,Full Stack Engineer,Security,Hard,"How do you protect a modern full-stack web application against XSS, CSRF, and SQL Injection attacks?",xss|csrf|sanitize|token|cors|sql injection|csp|content security policy,parameterized queries|http-only samesite cookies|input sanitization|csrf tokens,10
20,Full Stack Engineer,State Management,Medium,Explain client-side state management and how you distinguish between local component state and global app state.,state|props|context|redux|store|global|local|re-render,unidirectional data flow|prop drilling prevention|atomic state|state immutability,8
21,Full Stack Engineer,Frontend,Medium,Explain how the virtual DOM diffing and reconciliation algorithm works in modern frontend frameworks.,virtual dom|reconciliation|diffing|render|state|ui|batching,in-memory dom representation|tree diffing|batched dom mutations|render performance,8
22,Full Stack Engineer,Backend,Medium,"How does JSON Web Token (JWT) authentication work, and how do you securely handle token refresh?",jwt|token|payload|signature|refresh token|http only|cookie|expiration,stateless authentication|short-lived access tokens|secure token rotation|xss immunity,9
23,Full Stack Engineer,Performance,Hard,"What strategies and metrics do you focus on to optimize frontend load speed and Core Web Vitals (LCP, FID, CLS)?",lazy loading|code splitting|caching|cdn|bundle|lcp|cls|fid|minify,critical rendering path|tree shaking|asset compression|font optimization|image responsiveness,10
24,Full Stack Engineer,Realtime,Medium,"Compare HTTP short polling, Long Polling, Server-Sent Events (SSE), and WebSockets for real-time web features.",websocket|sse|polling|full duplex|http|connection|realtime|push,bidirectional communication|handshake protocol|reconnection strategy|server overhead,8
25,Full Stack Engineer,Database,Medium,How would you design a database schema and concurrency model for a high-volume shopping cart checkout system?,schema|order|payment|transaction|foreign key|table|status|lock,acid compliance|optimistic vs pessimistic locking|idempotency keys|inventory reservation,9
26,Full Stack Engineer,TypeScript,Medium,"What advantages does TypeScript provide over vanilla JavaScript in large codebases, and what are generics?",typescript|type|interface|compile|static typing|generics|safety,type inference|compile time error prevention|reusable component abstractions|refactoring confidence,7
27,Full Stack Engineer,Architecture,Hard,"What are micro-frontends and module federation, and what architectural challenges do they introduce?",micro frontends|monolith|module federation|independent deploy|routing|shared,autonomous deployment|runtime composition|bundle isolation|version management,9
28,Full Stack Engineer,Frontend,Easy,How do you ensure a web application adheres to WCAG accessibility (a11y) standards?,accessibility|aria|screen reader|semantic html|contrast|keyboard|focus,semantic structure|keyboard navigation|color contrast ratios|aria live regions,7
29,Full Stack Engineer,Backend,Medium,Explain cursor-based pagination versus offset-based pagination. When is cursor pagination preferred?,pagination|limit|offset|cursor|dataset|page|index|performance,large dataset performance|consistent view during writes|index seek vs scan,8
30,Full Stack Engineer,CI/CD,Medium,"How do you structure a production CI/CD pipeline for automated testing, linting, and deployment of a full stack app?",ci/cd|pipeline|github actions|test|build|deploy|docker|staging,automated verification|environment promotion|artifact building|zero-downtime deployment,9
31,Data Analyst,SQL,Easy,How do you compute a 7-day rolling average of daily sales using SQL window functions?,window|over|order by|rows between|average|preceding|partition,window frame specification|moving average calculation|time-series aggregation,9
32,Data Analyst,Pandas,Medium,"How do you detect, handle, and impute missing values and statistical outliers in a Pandas DataFrame?",pandas|dropna|fillna|isnull|duplicate|outlier|iqr|z-score,data imputation strategies|interquartile range|domain specific thresholds|data integrity,9
33,Data Analyst,Statistics,Medium,Explain the difference between correlation and causation. How would you test if a feature change truly caused higher revenue?,correlation|causation|confounding|relationship|variable|experiment|ab test,spurious correlation|randomized controlled trial|confounding variables|causal inference,8
34,Data Analyst,Visualization,Easy,"How do you select the most effective visualization (bar, line, scatter, boxplot) based on the data relationship you want to convey?",chart|bar|line|scatter|trend|comparison|distribution|boxplot,visual encoding principles|categorical vs continuous variables|data storytelling,7
35,Data Analyst,SQL,Medium,"Explain the behavioral difference between INNER JOIN, LEFT JOIN, and FULL OUTER JOIN with NULL handling in SQL.",join|left|inner|outer|match|null|keys|on,unmatched record retention|null values on non-matching side|relational set operations,8
36,Data Analyst,SQL,Hard,"What are Common Table Expressions (CTEs) and recursive CTEs, and what makes them advantageous over subqueries?",cte|with|recursive|subquery|readability|hierarchy|union,query modularity|hierarchical tree traversal|query planner optimization,9
37,Data Analyst,Statistics,Hard,"How do you design, run, and statistically validate an A/B experiment? What are Type I and Type II errors?",ab test|hypothesis|p-value|sample size|significance|control|variant|type 1|type 2,statistical power|confidence intervals|false positives vs false negatives|minimum detectable effect,10
38,Data Analyst,Business Intelligence,Medium,"How do you define, calculate, and evaluate SaaS business metrics like CAC, LTV, and Churn Rate?",kpi|churn|cac|ltv|retention|cohort|metrics|ratio,customer acquisition cost|lifetime value ratio|cohort retention decay|business health metrics,8
39,Data Analyst,Data Modeling,Medium,Compare Star Schema and Snowflake Schema data models in data warehousing. When is each appropriate?,star|snowflake|fact|dimension|normalization|denormalized|warehouse,olap analytical queries|query simplicity vs storage normalization|dimension hierarchy,8
40,Data Analyst,Pandas,Medium,How do you perform multi-level aggregations and custom transformations using groupby and apply in Pandas?,groupby|agg|pandas|dataframe|mean|sum|apply|transform,split-apply-combine|custom lambda aggregation|multiindex manipulation,8
41,Data Analyst,Data Quality,Medium,What automated checks and data validations do you enforce in a daily analytics ETL pipeline?,validation|etl|pipeline|schema|null|consistency|anomaly|reconciliation,data freshness checks|row count sanity|referential integrity|automated alert thresholds,8
42,Data Analyst,Statistics,Easy,When is median preferred over mean as a measure of central tendency? Give a concrete business example.,mean|median|mode|skewed|outliers|distribution|salary,robustness to outliers|asymmetric distributions|representative summary statistic,6
43,Data Analyst,Cohort Analysis,Hard,How would you build and interpret a cohort retention heat-map for a subscription web product?,cohort|retention|churn|period|active|user|heatmap|activity,acquisition month grouping|longitudinal retention curve|identifying product stickiness,9
44,Data Analyst,SQL,Medium,"Explain the functional difference between ROW_NUMBER(), RANK(), and DENSE_RANK() in SQL.",rank|dense_rank|row_number|window|tie|partition|order by,tie handling behavior|gap generation in sequence|ranking partitions,8
45,Data Analyst,Communication,Easy,"How do you translate complex statistical insights into clear, actionable business recommendations for executive leadership?",stakeholder|insight|actionable|visual|context|storytelling|executive,bottom line business impact|contextual narrative|avoiding statistical jargon|decision enablement,7
46,QA Engineer,Testing Fundamentals,Easy,"Explain the testing pyramid and the core differences between unit, integration, and end-to-end tests.",unit|integration|end to end|e2e|test pyramid|isolation|mock,cost and execution speed trade-off|feedback loop speed|confidence vs maintenance,8
47,QA Engineer,Automation,Medium,"What is the Page Object Model (POM) pattern in Selenium or Cypress, and what problems does it solve?",page object model|pom|selenium|locator|maintainability|reusability|class,abstraction of ui structure|centralized locator maintenance|test readability,9
48,QA Engineer,Defect Management,Easy,Explain Bug Severity versus Bug Priority. Provide a scenario where a bug is High Severity but Low Priority.,severity|priority|impact|business|urgency|defect|crash,technical impact vs business urgency|rare edge cases|release scheduling decisions,8
49,QA Engineer,API Testing,Medium,"How do you thoroughly test a RESTful API? What assertions, headers, and edge cases do you validate?",api|status code|payload|header|schema|postman|boundary|json,response schema validation|status code verification|boundary inputs|auth tokens|latency,9
50,QA Engineer,Methodology,Medium,What is the distinction between Regression Testing and Retesting? How do you select regression test cases?,regression|retest|defect|fixed|side effect|suite|automation,verification of fixed defects|detecting unintended side effects|risk-based test selection,7
51,QA Engineer,Methodology,Medium,Compare Test Driven Development (TDD) and Behavior Driven Development (BDD). How does BDD improve cross-functional collaboration?,tdd|bdd|red green refactor|gherkin|cucumber|scenario|given when then,executable specifications|ubiquitous domain language|living documentation,8
52,QA Engineer,Automation,Hard,"How do you identify, diagnose, and permanently eliminate flaky tests from an automated CI/CD pipeline?",flaky|wait|timeout|retry|concurrency|environment|isolation|async,race condition resolution|deterministic state management|dynamic waits over hard sleeps,9
53,QA Engineer,Performance,Hard,"What are load testing, stress testing, and endurance testing? What performance metrics do you monitor during a load test?",load|stress|spike|jmeter|throughput|concurrency|latency|cpu|memory,"system saturation point|response time percentiles (p95, p99)|resource bottlenecks",9
54,QA Engineer,Security Testing,Medium,What security tests should a QA engineer perform to uncover OWASP Top 10 vulnerabilities in a web portal?,vulnerability|sql injection|xss|authentication|session|csrf|owasp,input sanitization testing|authorization boundary checks|broken object level auth,8
55,QA Engineer,Test Design,Easy,How do you apply Boundary Value Analysis (BVA) and Equivalence Class Partitioning (ECP) to optimize test cases?,boundary value|equivalence partitioning|test cases|input range|valid|invalid,identifying edge conditions|minimizing redundant tests|maximizing fault detection,8
56,QA Engineer,Automation,Medium,"Compare implicit wait, explicit wait, and fluent wait in UI test automation. Why is thread sleep discouraged?",wait|explicit|implicit|fluent|timeout|element|stale|polling,dynamic polling on expected conditions|handling asynchronous dom rendering|avoiding test slowness,8
57,QA Engineer,Defect Management,Easy,"What key details must be included in a bug report to make it crystal clear, easily reproducible, and actionable for developers?",steps to reproduce|expected result|actual result|logs|screenshot|environment|severity,unambiguous reproduction steps|environment specifications|trace logs and diagnostic artifacts,7
58,QA Engineer,Mobile Testing,Medium,What unique challenges and test vectors must you consider when validating mobile apps compared to desktop web apps?,mobile|network|battery|screen size|orientation|os version|interruptions|permissions,device fragmentation|network switching (4G/WiFi/Airplane)|background app lifecycle,7
59,QA Engineer,Strategy,Hard,"What does code coverage measure, and why does achieving 100% line coverage not guarantee absence of critical bugs?",coverage|line coverage|branch coverage|quality|metric|defect|requirements,missing requirement gaps|untested state combinations|assertion quality vs execution,8
60,QA Engineer,Architecture,Hard,"How would you design a scalable, cross-browser automation test framework from the ground up for a microservice architecture?",framework|reporting|runners|config|page objects|ci cd|drivers|parallel,modular test harness|parallel execution grid|centralized configuration|automated test reporting,10
61,DevOps Engineer,Containers,Easy,Explain the architectural difference between a Docker container and a traditional Virtual Machine.,container|virtual machine|vm|hypervisor|kernel|docker|image|overhead,shared os kernel|lightweight virtualization|startup latency|process isolation,8
62,DevOps Engineer,Kubernetes,Medium,"Explain the role and relationship between a Kubernetes Pod, Deployment, ReplicaSet, and Service.",pod|deployment|service|kubernetes|replica|cluster|networking|ingress,declarative desired state|rolling update strategy|service discovery and load balancing,10
63,DevOps Engineer,CI/CD,Medium,Compare Blue-Green Deployments and Canary Releases. How does each strategy minimize production release risk?,blue green|canary|deployment|traffic|rollback|risk|release|routing,zero-downtime cutover|gradual blast radius expansion|instant automated rollback,9
64,DevOps Engineer,Infrastructure as Code,Medium,What is Infrastructure as Code (IaC) and how does Terraform utilize state files to manage resources and detect drift?,iac|terraform|state file|declarative|plan|apply|drift|backend,declarative configuration|state locking|reproducibility across environments|drift detection,9
65,DevOps Engineer,Observability,Medium,"Explain the three pillars of observability: Metrics, Logs, and Traces. How do they complement one another in incident response?",metrics|logs|traces|observability|prometheus|grafana|apm|distributed,system health aggregation|detailed event audit trail|request flow context across microservices,9
66,DevOps Engineer,Linux,Easy,"How do Unix file permissions work, and what do the numbers represent in chmod 755 and chmod 600?",chmod|permission|read|write|execute|user|group|other|octal,"binary/octal permission mapping|owner, group, world privileges|security posture",7
67,DevOps Engineer,Networking,Hard,"How does a reverse proxy like Nginx or Envoy work, and what capabilities does it provide for cloud-native web backends?",reverse proxy|nginx|load balancing|ssl|cache|backend|traffic|tls,tls termination|horizontal load distribution|http request buffering|security shielding,9
68,DevOps Engineer,Security,Hard,How do you enforce the principle of least privilege in cloud identity and access management (IAM)?,iam|least privilege|role|policy|mfa|credential|permission|rbac,temporary credential assumption|granular permission boundaries|regular permission audits,9
69,DevOps Engineer,Containers,Medium,How do you write an optimized Dockerfile using multi-stage builds to minimize image attack surface and size?,dockerfile|multi stage|cache|layer|alpine|image size|shrink|build,stripping build tools from runtime|layer caching optimization|minimal base images,8
70,DevOps Engineer,Storage,Medium,"How do Kubernetes PersistentVolumes (PV), PersistentVolumeClaims (PVC), and StorageClasses interact?",persistent volume|pv|pvc|storage class|claim|stateful|provision,dynamic storage provisioning|abstracting storage backend details|stateful container persistence,8
71,DevOps Engineer,Reliability & SRE,Hard,"Explain SLIs, SLOs, SLAs, and Error Budgets in Site Reliability Engineering (SRE). How do error budgets govern release velocity?",sli|slo|sla|error budget|reliability|availability|sre|burn rate,service health indicators|balancing innovation vs uptime|error budget burn policies,10
72,DevOps Engineer,Security,Medium,"How do you manage, inject, and rotate secrets (API tokens, TLS certificates, database credentials) securely in production clusters?",secrets|vault|kms|environment variable|encrypt|pipeline|mask|rotation,centralized secret vault|avoiding hardcoded secrets|dynamic credential generation,9
73,DevOps Engineer,Networking,Medium,Explain the DNS resolution process step-by-step from browser URL entry to obtaining an authoritative IP address.,dns|ip|nameserver|resolver|cache|record|root|tld,recursive vs authoritative lookup|ttl caching tiers|a record and cname resolution,8
74,DevOps Engineer,Linux,Medium,A production Linux server reports 100% CPU utilization and high load average. What tools and workflow do you use to diagnose the culprit?,top|htop|ps|vmstat|kill|process|memory|cpu|iostat,load average vs core count|identifying thread bottlenecks|i/o wait vs user/system cpu,8
75,DevOps Engineer,Disaster Recovery,Hard,"How do you formulate a high-availability disaster recovery plan, defining Recovery Time Objective (RTO) and Recovery Point Objective (RPO)?",disaster recovery|backup|rpo|rto|failover|redundancy|multi region|snapshot,maximum acceptable data loss|maximum acceptable downtime|automated failover mechanisms,10
76,Software Engineer,Data Structures,Medium,"How do you evaluate whether an array, a linked list, or a hash table is optimal for a particular data storage scenario?",array|linked list|hash map|time complexity|lookup|insertion|memory,contiguous memory allocation|cache locality|pointer overhead|average vs worst case o(1),9
77,Software Engineer,System Design,Hard,"Compare REST, GraphQL, and gRPC in terms of data transport, schema enforcement, latency, and ideal architecture fit.",rest|graphql|grpc|stateless|http|endpoint|schema|payload|protobuf,over-fetching and under-fetching|binary serialization speed|http/2 multiplexing,10
78,Software Engineer,OOP Principles,Easy,"Define and provide clear real-world code analogies for Encapsulation, Abstraction, Inheritance, and Polymorphism.",encapsulation|inheritance|polymorphism|abstraction|class|interface|data hiding,information hiding|code reuse|contract abstraction|runtime dynamic dispatch,8
79,Software Engineer,Algorithms,Medium,Explain the differences between Breadth-First Search (BFS) and Depth-First Search (DFS). When is BFS guaranteed to find the shortest path?,bfs|dfs|queue|stack|graph|tree|traverse|shortest path|unweighted,level-order traversal|backtracking and recursion|shortest path in unweighted graphs,9
80,Software Engineer,System Design,Hard,Explain the CAP theorem and the PACELC theorem. How do distributed databases trade off consistency for availability during partitions?,cap|consistency|availability|partition tolerance|network|tradeoff|pacelc|eventual,network split tolerance|eventual consistency models|quorum reads and writes,10
81,Software Engineer,Algorithms,Easy,"What is Big-O notation, and why do software engineers evaluate worst-case time and space complexity instead of clock time?",big o|complexity|time|space|worst case|asymptotic|growth|scale,machine-independent growth rate|asymptotic bounding|scalability under large input sizes,7
82,Software Engineer,Databases,Medium,"How do database indexes (such as B+ Trees) accelerate queries, and why can having too many indexes degrade write throughput?",index|b-tree|query|lookup|write overhead|table scan|composite,logarithmic search time|disk io minimization|index tree rebalancing overhead on writes,9
83,Software Engineer,System Design,Hard,"Explain caching strategies (Cache-Aside, Write-Through, Write-Behind) and how you mitigate cache stampede and stale data.",cache|redis|invalidation|ttl|write through|cache aside|eviction|stampede,cache invalidation complexity|thundering herd protection|probabilistic early expiration,10
84,Software Engineer,Concurrency,Hard,"What causes race conditions and deadlocks in multi-threaded software? How do mutexes, semaphores, and lock-free algorithms prevent them?",race condition|deadlock|mutex|lock|thread|synchronization|critical section|semaphore,mutual exclusion|deadlock prevention conditions (circular wait)|atomic instructions,10
85,Software Engineer,Architecture,Medium,What are the trade-offs between a monolithic architecture and a microservices architecture? When should a team transition?,monolith|microservices|decoupled|independent|service|deployment|latency,operational complexity overhead|domain boundary alignment|independent scaling velocity,9
86,Software Engineer,Databases,Medium,Explain the four ACID properties in relational database transactions and how Write-Ahead Logging (WAL) ensures durability.,acid|atomicity|consistency|isolation|durability|transaction|commit|rollback|wal,"all-or-nothing atomicity|isolation levels (dirty reads, phantom reads)|crash recovery via wal",9
87,Software Engineer,Data Structures,Medium,What is a hash collision in a hash table? Explain how separate chaining and open addressing (linear probing) resolve collisions.,hash collision|hash map|chaining|open addressing|bucket|linked list|load factor,load factor threshold|bucket array chaining|clustering issues in linear probing,8
88,Software Engineer,Software Design,Medium,Explain the five SOLID design principles and give an example of how violating Single Responsibility leads to fragile code.,solid|single responsibility|open closed|liskov|interface segregation|dependency inversion,cohesive modules|extensibility without modification|polymorphic substitution|loose coupling,9
89,Software Engineer,System Design,Hard,"How would you architect a globally distributed, high-availability URL shortener service (like Bitly) to handle millions of redirects daily?",url shortener|hash|base62|database|redirect|cache|counter|distributed,unique id generator|base62 encoding|read-heavy caching architecture|http 301 vs 302 redirects,10
90,Software Engineer,Version Control,Easy,What is the difference between git merge and git rebase? Why is rebasing shared public branches considered dangerous?,git|merge|rebase|commit|history|branch|conflict|linear,linear vs non-linear commit history|preserving commit timestamps|avoiding rewriting public history,7
91,General,Problem Solving,Easy,Tell me about a complex technical problem you encountered in a recent project. How did you break it down and solve it using the STAR method?,problem|approach|solution|result|overcome|technical|challenge|star,situation task action result|root cause analysis|methodical troubleshooting|measurable impact,8
92,General,Conflict Resolution,Easy,Describe a scenario where you strongly disagreed with a technical design proposed by a teammate or tech lead. How did you resolve it?,disagreement|teammate|perspective|listen|consensus|resolution|objective,active listening|data-driven evaluation|disagree and commit|maintaining team trust,8
93,General,Adaptability,Medium,How do you handle sudden shifts in project scope and tight release deadlines when key requirements change unexpectedly?,deadline|prioritize|scope|communicate|stakeholders|tradeoff|agile,pragmatic scope re-negotiation|transparent stakeholder communication|triage of core features,8
94,General,Continuous Learning,Easy,"How do you stay abreast of rapidly evolving software tools, libraries, and engineering practices, and how do you introduce them to your team?",learn|books|blogs|open source|projects|documentation|practice|poc,proof of concept validation|continuous professional curiosity|sharing knowledge through tech talks,6
95,General,Communication,Medium,Describe a time when you had to explain an intricate technical challenge or trade-off to non-technical business stakeholders.,stakeholder|analogy|simplify|business impact|communication|clarity|roi,translating jargon into business value|effective visual analogies|aligning technical cost with business goals,7
96,General,Ownership & Failure,Medium,Describe a situation where a piece of software you authored caused a production failure or bug. What steps did you take to remediate and learn from it?,failure|bug|root cause|postmortem|retrospective|ownership|prevention,taking prompt ownership|blameless postmortem analysis|implementing systemic automated safeguards,8
97,General,Motivation,Easy,"What specific criteria do you prioritize when evaluating your next career role, and what excites you about this organization?",growth|culture|impact|opportunity|values|mission|team|challenge,alignment with organizational mission|commitment to quality engineering|long term value creation,7
98,General,Quality vs Velocity,Medium,How do you balance delivery speed with code maintainability and test coverage when leadership is pushing for aggressive deadlines?,balance|tech debt|testing|delivery|pragmatic|mvp|quality|tradeoff,deliberate technical debt documentation|testing critical paths first|transparent timeline management,8
99,General,Collaboration,Easy,"How do you approach giving constructive code review feedback, and how do you respond when a colleague leaves critical remarks on your PR?",code review|constructive|feedback|improve|standards|respect|egoless,egoless code ownership|focus on code quality rather than personal criticism|mentorship mindset,7
100,General,Career Vision,Medium,Where do you envision your technical and leadership growth progressing over the next 3 to 5 years?,career|leadership|architecture|impact|growth|mastery|goals|mentor,deep technical mastery|cross-team architectural influence|mentoring junior engineers,7
101,Python Developer,Design Patterns,Medium,Explain the Singleton and Factory patterns in Python. Why are Python modules already naturally singletons?,singleton|factory|instance|module|pattern|import|cache,module level caching (sys.modules)|creational patterns|dependency injection alternatives,8
102,Full Stack Engineer,Architecture,Hard,What are Web Workers and how do you offload CPU-intensive operations away from the browser UI main thread?,web worker|background|thread|postmessage|ui thread|computation|event,unblocked ui thread 60fps|message passing serialization|shared memory with sharedarraybuffer,8
103,Data Analyst,Data Modeling,Medium,How do you detect and prevent data leakage when preparing datasets for analytical and predictive modeling?,data leakage|target|train|test|leak|preprocessing|pipeline|contamination,fitting transforms on train set only|time-series forward validation|feature contamination prevention,9
104,QA Engineer,Security Testing,Medium,How do you systematically test that role-based access control (RBAC) prevents horizontal and vertical privilege escalation?,rbac|privilege escalation|authorization|role|token|tenant|access,horizontal escalation (accessing another user's records)|vertical escalation (accessing admin routes)|matrix testing,9
105,DevOps Engineer,Observability,Medium,How do you set up distributed tracing using OpenTelemetry or Jaeger to isolate high-latency bottlenecks across microservices?,distributed tracing|trace|span|jaeger|opentelemetry|context propagation|latency,trace id context propagation via http headers|identifying critical path latency|spans visualization,9
